product_id,brand_id,quantity,transaction_date,unit_price,total_amount,payment_method,created_at
538,3,2,2025-12-01,1374.22,2748.44,cash,2025-12-04 07:24:46.694142+00:00
540,3,1,2025-12-01,5477.21,5477.21,gcash,2025-12-04 07:24:46.694142+00:00
541,3,1,2025-12-01,3172.14,3172.14,card,2025-12-04 07:24:46.694142+00:00
542,3,3,2025-12-01,3824.78,11474.34,other,2025-12-04 07:24:46.694142+00:00
545,3,1,2025-12-01,2202.89,2202.89,other,2025-12-04 07:24:46.694142+00:00
547,3,1,2025-12-01,7472.43,7472.43,card,2025-12-04 07:24:46.694142+00:00
548,3,2,2025-12-01,7752.12,15504.24,other,2025-12-04 07:24:46.694142+00:00
551,3,1,2025-12-01,2363.35,2363.35,gcash,2025-12-04 07:24:46.694142+00:00
553,3,1,2025-12-01,4180.98,4180.98,card,2025-12-04 07:24:46.694142+00:00
555,3,2,2025-12-01,1986.21,3972.42,gcash,2025-12-04 07:24:46.694142+00:00
556,3,1,2025-12-01,8432.85,8432.85,other,2025-12-04 07:24:46.694142+00:00
557,3,2,2025-12-01,4823.2,9646.4,other,2025-12-04 07:24:46.694142+00:00
558,3,1,2025-12-01,7834.92,7834.92,card,2025-12-04 07:24:46.694142+00:00
559,3,1,2025-12-01,3196.81,3196.81,other,2025-12-04 07:24:46.694142+00:00
560,3,1,2025-12-01,5920.48,5920.48,cash,2025-12-04 07:24:46.694142+00:00
561,3,5,2025-12-01,3370.62,16853.1,card,2025-12-04 07:24:46.694142+00:00
562,3,1,2025-12-01,11133.7,11133.7,gcash,2025-12-04 07:24:46.694142+00:00
565,3,1,2025-12-01,1974.38,1974.38,cash,2025-12-04 07:24:46.694142+00:00
566,3,4,2025-12-01,735.78,2943.12,cash,2025-12-04 07:24:46.694142+00:00
567,3,4,2025-12-01,1251.32,5005.28,gcash,2025-12-04 07:24:46.694142+00:00
568,3,1,2025-12-01,4880.38,4880.38,card,2025-12-04 07:24:46.694142+00:00
571,3,1,2025-12-01,1927.26,1927.26,cash,2025-12-04 07:24:46.694142+00:00
574,3,1,2025-12-01,8835.82,8835.82,cash,2025-12-04 07:24:46.694142+00:00
575,3,1,2025-12-01,2005.44,2005.44,card,2025-12-04 07:24:46.694142+00:00
577,3,1,2025-12-01,1143.12,1143.12,gcash,2025-12-04 07:24:46.694142+00:00
578,3,1,2025-12-01,1197.29,1197.29,gcash,2025-12-04 07:24:46.694142+00:00
579,3,1,2025-12-01,3438.43,3438.43,gcash,2025-12-04 07:24:46.694142+00:00
580,3,2,2025-12-01,11692.3,23384.6,card,2025-12-04 07:24:46.694142+00:00
582,3,1,2025-12-01,7113.36,7113.36,cash,2025-12-04 07:24:46.694142+00:00
585,3,4,2025-12-01,799.62,3198.48,cash,2025-12-04 07:24:46.694142+00:00
538,3,3,2025-12-02,1374.22,4122.66,card,2025-12-04 07:24:46.694142+00:00
539,3,1,2025-12-02,6895.43,6895.43,gcash,2025-12-04 07:24:46.694142+00:00
540,3,1,2025-12-02,5477.21,5477.21,card,2025-12-04 07:24:46.694142+00:00
541,3,3,2025-12-02,3172.14,9516.42,cash,2025-12-04 07:24:46.694142+00:00
542,3,2,2025-12-02,3824.78,7649.56,cash,2025-12-04 07:24:46.694142+00:00
544,3,1,2025-12-02,3751.65,3751.65,card,2025-12-04 07:24:46.694142+00:00
545,3,1,2025-12-02,2202.89,2202.89,other,2025-12-04 07:24:46.694142+00:00
546,3,1,2025-12-02,9126.16,9126.16,cash,2025-12-04 07:24:46.694142+00:00
547,3,1,2025-12-02,7472.43,7472.43,card,2025-12-04 07:24:46.694142+00:00
548,3,3,2025-12-02,7752.12,23256.36,cash,2025-12-04 07:24:46.694142+00:00
549,3,2,2025-12-02,3027.04,6054.08,gcash,2025-12-04 07:24:46.694142+00:00
550,3,2,2025-12-02,2037.65,4075.3,cash,2025-12-04 07:24:46.694142+00:00
551,3,1,2025-12-02,2363.35,2363.35,gcash,2025-12-04 07:24:46.694142+00:00
553,3,2,2025-12-02,4180.98,8361.96,gcash,2025-12-04 07:24:46.694142+00:00
555,3,1,2025-12-02,1986.21,1986.21,other,2025-12-04 07:24:46.694142+00:00
556,3,1,2025-12-02,8432.85,8432.85,cash,2025-12-04 07:24:46.694142+00:00
561,3,2,2025-12-02,3370.62,6741.24,cash,2025-12-04 07:24:46.694142+00:00
563,3,1,2025-12-02,4060.61,4060.61,other,2025-12-04 07:24:46.694142+00:00
566,3,5,2025-12-02,735.78,3678.8999999999996,cash,2025-12-04 07:24:46.694142+00:00
567,3,3,2025-12-02,1251.32,3753.96,cash,2025-12-04 07:24:46.694142+00:00
568,3,1,2025-12-02,4880.38,4880.38,other,2025-12-04 07:24:46.694142+00:00
570,3,2,2025-12-02,8094.41,16188.82,gcash,2025-12-04 07:24:46.694142+00:00
571,3,2,2025-12-02,1927.26,3854.52,gcash,2025-12-04 07:24:46.694142+00:00
575,3,1,2025-12-02,2005.44,2005.44,gcash,2025-12-04 07:24:46.694142+00:00
578,3,2,2025-12-02,1197.29,2394.58,card,2025-12-04 07:24:46.694142+00:00
580,3,1,2025-12-02,11692.3,11692.3,card,2025-12-04 07:24:46.694142+00:00
582,3,2,2025-12-02,7113.36,14226.72,cash,2025-12-04 07:24:46.694142+00:00
583,3,2,2025-12-02,2128.15,4256.3,other,2025-12-04 07:24:46.694142+00:00
584,3,1,2025-12-02,2943.49,2943.49,cash,2025-12-04 07:24:46.694142+00:00
585,3,1,2025-12-02,799.62,799.62,cash,2025-12-04 07:24:46.694142+00:00
538,3,4,2025-12-03,1374.22,5496.88,cash,2025-12-04 07:24:46.694142+00:00
539,3,1,2025-12-03,6895.43,6895.43,other,2025-12-04 07:24:46.694142+00:00
542,3,1,2025-12-03,3824.78,3824.78,card,2025-12-04 07:24:46.694142+00:00
544,3,1,2025-12-03,3751.65,3751.65,cash,2025-12-04 07:24:46.694142+00:00
546,3,2,2025-12-03,9126.16,18252.32,other,2025-12-04 07:24:46.694142+00:00
547,3,1,2025-12-03,7472.43,7472.43,gcash,2025-12-04 07:24:46.694142+00:00
548,3,3,2025-12-03,7752.12,23256.36,other,2025-12-04 07:24:46.694142+00:00
550,3,1,2025-12-03,2037.65,2037.65,card,2025-12-04 07:24:46.694142+00:00
553,3,1,2025-12-03,4180.98,4180.98,other,2025-12-04 07:24:46.694142+00:00
554,3,1,2025-12-03,1517.88,1517.88,other,2025-12-04 07:24:46.694142+00:00
556,3,2,2025-12-03,8432.85,16865.7,cash,2025-12-04 07:24:46.694142+00:00
557,3,1,2025-12-03,4823.2,4823.2,other,2025-12-04 07:24:46.694142+00:00
558,3,1,2025-12-03,7834.92,7834.92,cash,2025-12-04 07:24:46.694142+00:00
560,3,1,2025-12-03,5920.48,5920.48,cash,2025-12-04 07:24:46.694142+00:00
561,3,1,2025-12-03,3370.62,3370.62,card,2025-12-04 07:24:46.694142+00:00
563,3,1,2025-12-03,4060.61,4060.61,gcash,2025-12-04 07:24:46.694142+00:00
565,3,1,2025-12-03,1974.38,1974.38,other,2025-12-04 07:24:46.694142+00:00
566,3,3,2025-12-03,735.78,2207.34,other,2025-12-04 07:24:46.694142+00:00
567,3,1,2025-12-03,1251.32,1251.32,cash,2025-12-04 07:24:46.694142+00:00
568,3,1,2025-12-03,4880.38,4880.38,other,2025-12-04 07:24:46.694142+00:00
570,3,2,2025-12-03,8094.41,16188.82,card,2025-12-04 07:24:46.694142+00:00
571,3,1,2025-12-03,1927.26,1927.26,cash,2025-12-04 07:24:46.694142+00:00
574,3,1,2025-12-03,8835.82,8835.82,other,2025-12-04 07:24:46.694142+00:00
575,3,1,2025-12-03,2005.44,2005.44,other,2025-12-04 07:24:46.694142+00:00
577,3,1,2025-12-03,1143.12,1143.12,gcash,2025-12-04 07:24:46.694142+00:00
578,3,2,2025-12-03,1197.29,2394.58,gcash,2025-12-04 07:24:46.694142+00:00
580,3,1,2025-12-03,11692.3,11692.3,card,2025-12-04 07:24:46.694142+00:00
581,3,1,2025-12-03,7568.96,7568.96,cash,2025-12-04 07:24:46.694142+00:00
582,3,1,2025-12-03,7113.36,7113.36,other,2025-12-04 07:24:46.694142+00:00
585,3,2,2025-12-03,799.62,1599.24,other,2025-12-04 07:24:46.694142+00:00
538,3,2,2025-12-04,1374.22,2748.44,cash,2025-12-04 07:24:46.694142+00:00
539,3,1,2025-12-04,6895.43,6895.43,gcash,2025-12-04 07:24:46.694142+00:00
541,3,1,2025-12-04,3172.14,3172.14,gcash,2025-12-04 07:24:46.694142+00:00
542,3,2,2025-12-04,3824.78,7649.56,gcash,2025-12-04 07:24:46.694142+00:00
544,3,1,2025-12-04,3751.65,3751.65,card,2025-12-04 07:24:46.694142+00:00
545,3,1,2025-12-04,2202.89,2202.89,gcash,2025-12-04 07:24:46.694142+00:00
546,3,3,2025-12-04,9126.16,27378.48,card,2025-12-04 07:24:46.694142+00:00
547,3,1,2025-12-04,7472.43,7472.43,card,2025-12-04 07:24:46.694142+00:00
548,3,4,2025-12-04,7752.12,31008.48,card,2025-12-04 07:24:46.694142+00:00
550,3,1,2025-12-04,2037.65,2037.65,gcash,2025-12-04 07:24:46.694142+00:00
554,3,2,2025-12-04,1517.88,3035.76,other,2025-12-04 07:24:46.694142+00:00
555,3,1,2025-12-04,1986.21,1986.21,card,2025-12-04 07:24:46.694142+00:00
556,3,3,2025-12-04,8432.85,25298.550000000003,card,2025-12-04 07:24:46.694142+00:00
561,3,5,2025-12-04,3370.62,16853.1,other,2025-12-04 07:24:46.694142+00:00
563,3,1,2025-12-04,4060.61,4060.61,gcash,2025-12-04 07:24:46.694142+00:00
564,3,1,2025-12-04,1111.59,1111.59,card,2025-12-04 07:24:46.694142+00:00
565,3,1,2025-12-04,1974.38,1974.38,cash,2025-12-04 07:24:46.694142+00:00
566,3,5,2025-12-04,735.78,3678.8999999999996,card,2025-12-04 07:24:46.694142+00:00
567,3,4,2025-12-04,1251.32,5005.28,gcash,2025-12-04 07:24:46.694142+00:00
569,3,1,2025-12-04,9540.51,9540.51,gcash,2025-12-04 07:24:46.694142+00:00
571,3,1,2025-12-04,1927.26,1927.26,card,2025-12-04 07:24:46.694142+00:00
575,3,2,2025-12-04,2005.44,4010.88,gcash,2025-12-04 07:24:46.694142+00:00
577,3,2,2025-12-04,1143.12,2286.24,cash,2025-12-04 07:24:46.694142+00:00
579,3,2,2025-12-04,3438.43,6876.86,cash,2025-12-04 07:24:46.694142+00:00
580,3,2,2025-12-04,11692.3,23384.6,cash,2025-12-04 07:24:46.694142+00:00
581,3,1,2025-12-04,7568.96,7568.96,cash,2025-12-04 07:24:46.694142+00:00
582,3,2,2025-12-04,7113.36,14226.72,other,2025-12-04 07:24:46.694142+00:00
584,3,1,2025-12-04,2943.49,2943.49,other,2025-12-04 07:24:46.694142+00:00
585,3,2,2025-12-04,799.62,1599.24,gcash,2025-12-04 07:24:46.694142+00:00
538,3,1,2025-12-05,1374.22,1374.22,other,2025-12-04 07:24:46.694142+00:00
544,3,1,2025-12-05,3751.65,3751.65,gcash,2025-12-04 07:24:46.694142+00:00
547,3,1,2025-12-05,7472.43,7472.43,other,2025-12-04 07:24:46.694142+00:00
548,3,1,2025-12-05,7752.12,7752.12,card,2025-12-04 07:24:46.694142+00:00
549,3,1,2025-12-05,3027.04,3027.04,gcash,2025-12-04 07:24:46.694142+00:00
550,3,1,2025-12-05,2037.65,2037.65,cash,2025-12-04 07:24:46.694142+00:00
551,3,3,2025-12-05,2363.35,7090.049999999999,cash,2025-12-04 07:24:46.694142+00:00
553,3,1,2025-12-05,4180.98,4180.98,gcash,2025-12-04 07:24:46.694142+00:00
554,3,1,2025-12-05,1517.88,1517.88,card,2025-12-04 07:24:46.694142+00:00
556,3,2,2025-12-05,8432.85,16865.7,card,2025-12-04 07:24:46.694142+00:00
560,3,1,2025-12-05,5920.48,5920.48,cash,2025-12-04 07:24:46.694142+00:00
561,3,1,2025-12-05,3370.62,3370.62,card,2025-12-04 07:24:46.694142+00:00
562,3,1,2025-12-05,11133.7,11133.7,gcash,2025-12-04 07:24:46.694142+00:00
563,3,1,2025-12-05,4060.61,4060.61,gcash,2025-12-04 07:24:46.694142+00:00
565,3,1,2025-12-05,1974.38,1974.38,card,2025-12-04 07:24:46.694142+00:00
566,3,4,2025-12-05,735.78,2943.12,other,2025-12-04 07:24:46.694142+00:00
567,3,2,2025-12-05,1251.32,2502.64,card,2025-12-04 07:24:46.694142+00:00
568,3,2,2025-12-05,4880.38,9760.76,other,2025-12-04 07:24:46.694142+00:00
569,3,1,2025-12-05,9540.51,9540.51,card,2025-12-04 07:24:46.694142+00:00
570,3,1,2025-12-05,8094.41,8094.41,other,2025-12-04 07:24:46.694142+00:00
575,3,1,2025-12-05,2005.44,2005.44,other,2025-12-04 07:24:46.694142+00:00
577,3,1,2025-12-05,1143.12,1143.12,gcash,2025-12-04 07:24:46.694142+00:00
578,3,1,2025-12-05,1197.29,1197.29,card,2025-12-04 07:24:46.694142+00:00
581,3,2,2025-12-05,7568.96,15137.92,gcash,2025-12-04 07:24:46.694142+00:00
582,3,1,2025-12-05,7113.36,7113.36,card,2025-12-04 07:24:46.694142+00:00
585,3,1,2025-12-05,799.62,799.62,card,2025-12-04 07:24:46.694142+00:00
538,3,2,2025-12-06,1374.22,2748.44,gcash,2025-12-04 07:24:46.694142+00:00
539,3,1,2025-12-06,6895.43,6895.43,card,2025-12-04 07:24:46.694142+00:00
540,3,1,2025-12-06,5477.21,5477.21,other,2025-12-04 07:24:46.694142+00:00
541,3,1,2025-12-06,3172.14,3172.14,other,2025-12-04 07:24:46.694142+00:00
542,3,2,2025-12-06,3824.78,7649.56,gcash,2025-12-04 07:24:46.694142+00:00
544,3,2,2025-12-06,3751.65,7503.3,gcash,2025-12-04 07:24:46.694142+00:00
545,3,1,2025-12-06,2202.89,2202.89,card,2025-12-04 07:24:46.694142+00:00
546,3,1,2025-12-06,9126.16,9126.16,cash,2025-12-04 07:24:46.694142+00:00
547,3,1,2025-12-06,7472.43,7472.43,cash,2025-12-04 07:24:46.694142+00:00
548,3,3,2025-12-06,7752.12,23256.36,cash,2025-12-04 07:24:46.694142+00:00
549,3,1,2025-12-06,3027.04,3027.04,other,2025-12-04 07:24:46.694142+00:00
553,3,1,2025-12-06,4180.98,4180.98,gcash,2025-12-04 07:24:46.694142+00:00
554,3,1,2025-12-06,1517.88,1517.88,gcash,2025-12-04 07:24:46.694142+00:00
557,3,1,2025-12-06,4823.2,4823.2,other,2025-12-04 07:24:46.694142+00:00
558,3,2,2025-12-06,7834.92,15669.84,cash,2025-12-04 07:24:46.694142+00:00
559,3,1,2025-12-06,3196.81,3196.81,gcash,2025-12-04 07:24:46.694142+00:00
560,3,1,2025-12-06,5920.48,5920.48,other,2025-12-04 07:24:46.694142+00:00
561,3,3,2025-12-06,3370.62,10111.86,cash,2025-12-04 07:24:46.694142+00:00
562,3,1,2025-12-06,11133.7,11133.7,card,2025-12-04 07:24:46.694142+00:00
564,3,2,2025-12-06,1111.59,2223.18,other,2025-12-04 07:24:46.694142+00:00
565,3,1,2025-12-06,1974.38,1974.38,other,2025-12-04 07:24:46.694142+00:00
566,3,3,2025-12-06,735.78,2207.34,gcash,2025-12-04 07:24:46.694142+00:00
567,3,2,2025-12-06,1251.32,2502.64,gcash,2025-12-04 07:24:46.694142+00:00
569,3,1,2025-12-06,9540.51,9540.51,card,2025-12-04 07:24:46.694142+00:00
574,3,1,2025-12-06,8835.82,8835.82,other,2025-12-04 07:24:46.694142+00:00
578,3,1,2025-12-06,1197.29,1197.29,other,2025-12-04 07:24:46.694142+00:00
580,3,1,2025-12-06,11692.3,11692.3,cash,2025-12-04 07:24:46.694142+00:00
581,3,1,2025-12-06,7568.96,7568.96,gcash,2025-12-04 07:24:46.694142+00:00
582,3,2,2025-12-06,7113.36,14226.72,gcash,2025-12-04 07:24:46.694142+00:00
583,3,2,2025-12-06,2128.15,4256.3,cash,2025-12-04 07:24:46.694142+00:00
584,3,1,2025-12-06,2943.49,2943.49,card,2025-12-04 07:24:46.694142+00:00
585,3,2,2025-12-06,799.62,1599.24,gcash,2025-12-04 07:24:46.694142+00:00
538,3,5,2025-12-07,1374.22,6871.1,card,2025-12-04 07:24:46.694142+00:00
539,3,1,2025-12-07,6895.43,6895.43,gcash,2025-12-04 07:24:46.694142+00:00
540,3,2,2025-12-07,5477.21,10954.42,cash,2025-12-04 07:24:46.694142+00:00
541,3,1,2025-12-07,3172.14,3172.14,cash,2025-12-04 07:24:46.694142+00:00
542,3,2,2025-12-07,3824.78,7649.56,card,2025-12-04 07:24:46.694142+00:00
547,3,2,2025-12-07,7472.43,14944.86,gcash,2025-12-04 07:24:46.694142+00:00
548,3,2,2025-12-07,7752.12,15504.24,other,2025-12-04 07:24:46.694142+00:00
549,3,1,2025-12-07,3027.04,3027.04,gcash,2025-12-04 07:24:46.694142+00:00
550,3,2,2025-12-07,2037.65,4075.3,card,2025-12-04 07:24:46.694142+00:00
553,3,1,2025-12-07,4180.98,4180.98,gcash,2025-12-04 07:24:46.694142+00:00
556,3,2,2025-12-07,8432.85,16865.7,cash,2025-12-04 07:24:46.694142+00:00
557,3,1,2025-12-07,4823.2,4823.2,cash,2025-12-04 07:24:46.694142+00:00
559,3,1,2025-12-07,3196.81,3196.81,other,2025-12-04 07:24:46.694142+00:00
560,3,1,2025-12-07,5920.48,5920.48,cash,2025-12-04 07:24:46.694142+00:00
561,3,3,2025-12-07,3370.62,10111.86,gcash,2025-12-04 07:24:46.694142+00:00
562,3,2,2025-12-07,11133.7,22267.4,cash,2025-12-04 07:24:46.694142+00:00
563,3,1,2025-12-07,4060.61,4060.61,other,2025-12-04 07:24:46.694142+00:00
564,3,1,2025-12-07,1111.59,1111.59,card,2025-12-04 07:24:46.694142+00:00
566,3,3,2025-12-07,735.78,2207.34,gcash,2025-12-04 07:24:46.694142+00:00
567,3,7,2025-12-07,1251.32,8759.24,other,2025-12-04 07:24:46.694142+00:00
568,3,2,2025-12-07,4880.38,9760.76,card,2025-12-04 07:24:46.694142+00:00
569,3,2,2025-12-07,9540.51,19081.02,card,2025-12-04 07:24:46.694142+00:00
570,3,2,2025-12-07,8094.41,16188.82,card,2025-12-04 07:24:46.694142+00:00
575,3,2,2025-12-07,2005.44,4010.88,gcash,2025-12-04 07:24:46.694142+00:00
577,3,1,2025-12-07,1143.12,1143.12,other,2025-12-04 07:24:46.694142+00:00
578,3,1,2025-12-07,1197.29,1197.29,other,2025-12-04 07:24:46.694142+00:00
579,3,1,2025-12-07,3438.43,3438.43,cash,2025-12-04 07:24:46.694142+00:00
582,3,1,2025-12-07,7113.36,7113.36,other,2025-12-04 07:24:46.694142+00:00
583,3,3,2025-12-07,2128.15,6384.450000000001,cash,2025-12-04 07:24:46.694142+00:00
584,3,1,2025-12-07,2943.49,2943.49,other,2025-12-04 07:24:46.694142+00:00
585,3,1,2025-12-07,799.62,799.62,card,2025-12-04 07:24:46.694142+00:00
540,3,1,2025-12-08,5477.21,5477.21,cash,2025-12-04 07:24:46.694142+00:00
541,3,1,2025-12-08,3172.14,3172.14,gcash,2025-12-04 07:24:46.694142+00:00
544,3,1,2025-12-08,3751.65,3751.65,other,2025-12-04 07:24:46.694142+00:00
547,3,2,2025-12-08,7472.43,14944.86,gcash,2025-12-04 07:24:46.694142+00:00
548,3,4,2025-12-08,7752.12,31008.48,card,2025-12-04 07:24:46.694142+00:00
549,3,1,2025-12-08,3027.04,3027.04,card,2025-12-04 07:24:46.694142+00:00
550,3,1,2025-12-08,2037.65,2037.65,gcash,2025-12-04 07:24:46.694142+00:00
551,3,2,2025-12-08,2363.35,4726.7,cash,2025-12-04 07:24:46.694142+00:00
554,3,1,2025-12-08,1517.88,1517.88,gcash,2025-12-04 07:24:46.694142+00:00
555,3,2,2025-12-08,1986.21,3972.42,other,2025-12-04 07:24:46.694142+00:00
556,3,1,2025-12-08,8432.85,8432.85,cash,2025-12-04 07:24:46.694142+00:00
559,3,1,2025-12-08,3196.81,3196.81,other,2025-12-04 07:24:46.694142+00:00
561,3,4,2025-12-08,3370.62,13482.48,gcash,2025-12-04 07:24:46.694142+00:00
562,3,2,2025-12-08,11133.7,22267.4,other,2025-12-04 07:24:46.694142+00:00
563,3,2,2025-12-08,4060.61,8121.22,cash,2025-12-04 07:24:46.694142+00:00
564,3,1,2025-12-08,1111.59,1111.59,card,2025-12-04 07:24:46.694142+00:00
565,3,1,2025-12-08,1974.38,1974.38,gcash,2025-12-04 07:24:46.694142+00:00
566,3,6,2025-12-08,735.78,4414.68,other,2025-12-04 07:24:46.694142+00:00
567,3,3,2025-12-08,1251.32,3753.96,card,2025-12-04 07:24:46.694142+00:00
568,3,2,2025-12-08,4880.38,9760.76,cash,2025-12-04 07:24:46.694142+00:00
570,3,1,2025-12-08,8094.41,8094.41,other,2025-12-04 07:24:46.694142+00:00
574,3,1,2025-12-08,8835.82,8835.82,gcash,2025-12-04 07:24:46.694142+00:00
575,3,2,2025-12-08,2005.44,4010.88,gcash,2025-12-04 07:24:46.694142+00:00
577,3,1,2025-12-08,1143.12,1143.12,card,2025-12-04 07:24:46.694142+00:00
578,3,1,2025-12-08,1197.29,1197.29,gcash,2025-12-04 07:24:46.694142+00:00
580,3,2,2025-12-08,11692.3,23384.6,cash,2025-12-04 07:24:46.694142+00:00
584,3,1,2025-12-08,2943.49,2943.49,other,2025-12-04 07:24:46.694142+00:00
585,3,3,2025-12-08,799.62,2398.86,cash,2025-12-04 07:24:46.694142+00:00
538,3,4,2025-12-09,1374.22,5496.88,card,2025-12-04 07:24:46.694142+00:00
539,3,1,2025-12-09,6895.43,6895.43,other,2025-12-04 07:24:46.694142+00:00
540,3,2,2025-12-09,5477.21,10954.42,card,2025-12-04 07:24:46.694142+00:00
541,3,1,2025-12-09,3172.14,3172.14,other,2025-12-04 07:24:46.694142+00:00
542,3,2,2025-12-09,3824.78,7649.56,other,2025-12-04 07:24:46.694142+00:00
544,3,1,2025-12-09,3751.65,3751.65,other,2025-12-04 07:24:46.694142+00:00
546,3,1,2025-12-09,9126.16,9126.16,cash,2025-12-04 07:24:46.694142+00:00
547,3,1,2025-12-09,7472.43,7472.43,card,2025-12-04 07:24:46.694142+00:00
548,3,2,2025-12-09,7752.12,15504.24,gcash,2025-12-04 07:24:46.694142+00:00
549,3,1,2025-12-09,3027.04,3027.04,cash,2025-12-04 07:24:46.694142+00:00
553,3,1,2025-12-09,4180.98,4180.98,gcash,2025-12-04 07:24:46.694142+00:00
557,3,1,2025-12-09,4823.2,4823.2,gcash,2025-12-04 07:24:46.694142+00:00
558,3,1,2025-12-09,7834.92,7834.92,cash,2025-12-04 07:24:46.694142+00:00
560,3,1,2025-12-09,5920.48,5920.48,gcash,2025-12-04 07:24:46.694142+00:00
561,3,1,2025-12-09,3370.62,3370.62,gcash,2025-12-04 07:24:46.694142+00:00
562,3,2,2025-12-09,11133.7,22267.4,other,2025-12-04 07:24:46.694142+00:00
564,3,2,2025-12-09,1111.59,2223.18,other,2025-12-04 07:24:46.694142+00:00
566,3,2,2025-12-09,735.78,1471.56,gcash,2025-12-04 07:24:46.694142+00:00
567,3,1,2025-12-09,1251.32,1251.32,card,2025-12-04 07:24:46.694142+00:00
568,3,1,2025-12-09,4880.38,4880.38,gcash,2025-12-04 07:24:46.694142+00:00
574,3,1,2025-12-09,8835.82,8835.82,cash,2025-12-04 07:24:46.694142+00:00
575,3,1,2025-12-09,2005.44,2005.44,cash,2025-12-04 07:24:46.694142+00:00
577,3,2,2025-12-09,1143.12,2286.24,cash,2025-12-04 07:24:46.694142+00:00
578,3,1,2025-12-09,1197.29,1197.29,cash,2025-12-04 07:24:46.694142+00:00
581,3,2,2025-12-09,7568.96,15137.92,cash,2025-12-04 07:24:46.694142+00:00
582,3,1,2025-12-09,7113.36,7113.36,other,2025-12-04 07:24:46.694142+00:00
583,3,1,2025-12-09,2128.15,2128.15,other,2025-12-04 07:24:46.694142+00:00
584,3,1,2025-12-09,2943.49,2943.49,other,2025-12-04 07:24:46.694142+00:00
585,3,5,2025-12-09,799.62,3998.1,other,2025-12-04 07:24:46.694142+00:00
538,3,3,2025-12-10,1374.22,4122.66,card,2025-12-04 07:24:46.694142+00:00
539,3,2,2025-12-10,6895.43,13790.86,card,2025-12-04 07:24:46.694142+00:00
540,3,1,2025-12-10,5477.21,5477.21,other,2025-12-04 07:24:46.694142+00:00
542,3,1,2025-12-10,3824.78,3824.78,card,2025-12-04 07:24:46.694142+00:00
547,3,1,2025-12-10,7472.43,7472.43,other,2025-12-04 07:24:46.694142+00:00
548,3,1,2025-12-10,7752.12,7752.12,gcash,2025-12-04 07:24:46.694142+00:00
550,3,1,2025-12-10,2037.65,2037.65,gcash,2025-12-04 07:24:46.694142+00:00
553,3,1,2025-12-10,4180.98,4180.98,gcash,2025-12-04 07:24:46.694142+00:00
555,3,1,2025-12-10,1986.21,1986.21,card,2025-12-04 07:24:46.694142+00:00
557,3,1,2025-12-10,4823.2,4823.2,other,2025-12-04 07:24:46.694142+00:00
558,3,1,2025-12-10,7834.92,7834.92,card,2025-12-04 07:24:46.694142+00:00
559,3,1,2025-12-10,3196.81,3196.81,cash,2025-12-04 07:24:46.694142+00:00
561,3,4,2025-12-10,3370.62,13482.48,cash,2025-12-04 07:24:46.694142+00:00
565,3,1,2025-12-10,1974.38,1974.38,other,2025-12-04 07:24:46.694142+00:00
566,3,2,2025-12-10,735.78,1471.56,gcash,2025-12-04 07:24:46.694142+00:00
567,3,2,2025-12-10,1251.32,2502.64,other,2025-12-04 07:24:46.694142+00:00
568,3,1,2025-12-10,4880.38,4880.38,other,2025-12-04 07:24:46.694142+00:00
569,3,1,2025-12-10,9540.51,9540.51,gcash,2025-12-04 07:24:46.694142+00:00
570,3,1,2025-12-10,8094.41,8094.41,card,2025-12-04 07:24:46.694142+00:00
571,3,1,2025-12-10,1927.26,1927.26,gcash,2025-12-04 07:24:46.694142+00:00
574,3,1,2025-12-10,8835.82,8835.82,other,2025-12-04 07:24:46.694142+00:00
577,3,2,2025-12-10,1143.12,2286.24,other,2025-12-04 07:24:46.694142+00:00
578,3,2,2025-12-10,1197.29,2394.58,other,2025-12-04 07:24:46.694142+00:00
582,3,2,2025-12-10,7113.36,14226.72,cash,2025-12-04 07:24:46.694142+00:00
584,3,1,2025-12-10,2943.49,2943.49,card,2025-12-04 07:24:46.694142+00:00
585,3,3,2025-12-10,799.62,2398.86,other,2025-12-04 07:24:46.694142+00:00
538,3,2,2025-12-11,1374.22,2748.44,other,2025-12-04 07:24:46.694142+00:00
540,3,1,2025-12-11,5477.21,5477.21,card,2025-12-04 07:24:46.694142+00:00
541,3,1,2025-12-11,3172.14,3172.14,gcash,2025-12-04 07:24:46.694142+00:00
543,3,1,2025-12-11,5845.81,5845.81,other,2025-12-04 07:24:46.694142+00:00
545,3,1,2025-12-11,2202.89,2202.89,gcash,2025-12-04 07:24:46.694142+00:00
546,3,1,2025-12-11,9126.16,9126.16,gcash,2025-12-04 07:24:46.694142+00:00
548,3,2,2025-12-11,7752.12,15504.24,gcash,2025-12-04 07:24:46.694142+00:00
550,3,1,2025-12-11,2037.65,2037.65,gcash,2025-12-04 07:24:46.694142+00:00
551,3,1,2025-12-11,2363.35,2363.35,other,2025-12-04 07:24:46.694142+00:00
553,3,1,2025-12-11,4180.98,4180.98,card,2025-12-04 07:24:46.694142+00:00
554,3,1,2025-12-11,1517.88,1517.88,cash,2025-12-04 07:24:46.694142+00:00
557,3,1,2025-12-11,4823.2,4823.2,card,2025-12-04 07:24:46.694142+00:00
561,3,1,2025-12-11,3370.62,3370.62,cash,2025-12-04 07:24:46.694142+00:00
563,3,2,2025-12-11,4060.61,8121.22,card,2025-12-04 07:24:46.694142+00:00
564,3,2,2025-12-11,1111.59,2223.18,card,2025-12-04 07:24:46.694142+00:00
565,3,2,2025-12-11,1974.38,3948.76,gcash,2025-12-04 07:24:46.694142+00:00
566,3,1,2025-12-11,735.78,735.78,card,2025-12-04 07:24:46.694142+00:00
567,3,3,2025-12-11,1251.32,3753.96,other,2025-12-04 07:24:46.694142+00:00
568,3,1,2025-12-11,4880.38,4880.38,gcash,2025-12-04 07:24:46.694142+00:00
569,3,1,2025-12-11,9540.51,9540.51,card,2025-12-04 07:24:46.694142+00:00
570,3,1,2025-12-11,8094.41,8094.41,card,2025-12-04 07:24:46.694142+00:00
575,3,1,2025-12-11,2005.44,2005.44,other,2025-12-04 07:24:46.694142+00:00
576,3,1,2025-12-11,4313.24,4313.24,card,2025-12-04 07:24:46.694142+00:00
579,3,2,2025-12-11,3438.43,6876.86,cash,2025-12-04 07:24:46.694142+00:00
580,3,1,2025-12-11,11692.3,11692.3,other,2025-12-04 07:24:46.694142+00:00
584,3,1,2025-12-11,2943.49,2943.49,other,2025-12-04 07:24:46.694142+00:00
585,3,1,2025-12-11,799.62,799.62,cash,2025-12-04 07:24:46.694142+00:00
538,3,3,2025-12-12,1374.22,4122.66,other,2025-12-04 07:24:46.694142+00:00
539,3,1,2025-12-12,6895.43,6895.43,other,2025-12-04 07:24:46.694142+00:00
540,3,3,2025-12-12,5477.21,16431.63,cash,2025-12-04 07:24:46.694142+00:00
541,3,1,2025-12-12,3172.14,3172.14,card,2025-12-04 07:24:46.694142+00:00
542,3,1,2025-12-12,3824.78,3824.78,card,2025-12-04 07:24:46.694142+00:00
547,3,1,2025-12-12,7472.43,7472.43,other,2025-12-04 07:24:46.694142+00:00
548,3,2,2025-12-12,7752.12,15504.24,gcash,2025-12-04 07:24:46.694142+00:00
550,3,1,2025-12-12,2037.65,2037.65,other,2025-12-04 07:24:46.694142+00:00
553,3,1,2025-12-12,4180.98,4180.98,gcash,2025-12-04 07:24:46.694142+00:00
554,3,1,2025-12-12,1517.88,1517.88,cash,2025-12-04 07:24:46.694142+00:00
556,3,2,2025-12-12,8432.85,16865.7,other,2025-12-04 07:24:46.694142+00:00
558,3,1,2025-12-12,7834.92,7834.92,other,2025-12-04 07:24:46.694142+00:00
559,3,1,2025-12-12,3196.81,3196.81,gcash,2025-12-04 07:24:46.694142+00:00
561,3,3,2025-12-12,3370.62,10111.86,card,2025-12-04 07:24:46.694142+00:00
562,3,2,2025-12-12,11133.7,22267.4,card,2025-12-04 07:24:46.694142+00:00
564,3,1,2025-12-12,1111.59,1111.59,other,2025-12-04 07:24:46.694142+00:00
565,3,1,2025-12-12,1974.38,1974.38,other,2025-12-04 07:24:46.694142+00:00
566,3,1,2025-12-12,735.78,735.78,other,2025-12-04 07:24:46.694142+00:00
567,3,3,2025-12-12,1251.32,3753.96,gcash,2025-12-04 07:24:46.694142+00:00
568,3,1,2025-12-12,4880.38,4880.38,cash,2025-12-04 07:24:46.694142+00:00
569,3,1,2025-12-12,9540.51,9540.51,gcash,2025-12-04 07:24:46.694142+00:00
570,3,1,2025-12-12,8094.41,8094.41,other,2025-12-04 07:24:46.694142+00:00
571,3,2,2025-12-12,1927.26,3854.52,gcash,2025-12-04 07:24:46.694142+00:00
574,3,1,2025-12-12,8835.82,8835.82,other,2025-12-04 07:24:46.694142+00:00
575,3,2,2025-12-12,2005.44,4010.88,cash,2025-12-04 07:24:46.694142+00:00
577,3,2,2025-12-12,1143.12,2286.24,gcash,2025-12-04 07:24:46.694142+00:00
578,3,1,2025-12-12,1197.29,1197.29,other,2025-12-04 07:24:46.694142+00:00
579,3,1,2025-12-12,3438.43,3438.43,card,2025-12-04 07:24:46.694142+00:00
583,3,1,2025-12-12,2128.15,2128.15,cash,2025-12-04 07:24:46.694142+00:00
585,3,3,2025-12-12,799.62,2398.86,cash,2025-12-04 07:24:46.694142+00:00
538,3,3,2025-12-13,1374.22,4122.66,cash,2025-12-04 07:24:46.694142+00:00
542,3,1,2025-12-13,3824.78,3824.78,cash,2025-12-04 07:24:46.694142+00:00
544,3,2,2025-12-13,3751.65,7503.3,gcash,2025-12-04 07:24:46.694142+00:00
546,3,2,2025-12-13,9126.16,18252.32,cash,2025-12-04 07:24:46.694142+00:00
547,3,1,2025-12-13,7472.43,7472.43,cash,2025-12-04 07:24:46.694142+00:00
548,3,2,2025-12-13,7752.12,15504.24,gcash,2025-12-04 07:24:46.694142+00:00
549,3,1,2025-12-13,3027.04,3027.04,card,2025-12-04 07:24:46.694142+00:00
555,3,1,2025-12-13,1986.21,1986.21,other,2025-12-04 07:24:46.694142+00:00
556,3,2,2025-12-13,8432.85,16865.7,cash,2025-12-04 07:24:46.694142+00:00
557,3,1,2025-12-13,4823.2,4823.2,gcash,2025-12-04 07:24:46.694142+00:00
561,3,5,2025-12-13,3370.62,16853.1,gcash,2025-12-04 07:24:46.694142+00:00
563,3,2,2025-12-13,4060.61,8121.22,gcash,2025-12-04 07:24:46.694142+00:00
565,3,2,2025-12-13,1974.38,3948.76,gcash,2025-12-04 07:24:46.694142+00:00
566,3,2,2025-12-13,735.78,1471.56,gcash,2025-12-04 07:24:46.694142+00:00
569,3,1,2025-12-13,9540.51,9540.51,card,2025-12-04 07:24:46.694142+00:00
571,3,1,2025-12-13,1927.26,1927.26,gcash,2025-12-04 07:24:46.694142+00:00
574,3,2,2025-12-13,8835.82,17671.64,gcash,2025-12-04 07:24:46.694142+00:00
575,3,1,2025-12-13,2005.44,2005.44,other,2025-12-04 07:24:46.694142+00:00
579,3,1,2025-12-13,3438.43,3438.43,gcash,2025-12-04 07:24:46.694142+00:00
581,3,1,2025-12-13,7568.96,7568.96,card,2025-12-04 07:24:46.694142+00:00
582,3,2,2025-12-13,7113.36,14226.72,gcash,2025-12-04 07:24:46.694142+00:00
583,3,1,2025-12-13,2128.15,2128.15,cash,2025-12-04 07:24:46.694142+00:00
538,3,2,2025-12-14,1374.22,2748.44,cash,2025-12-04 07:24:46.694142+00:00
539,3,2,2025-12-14,6895.43,13790.86,cash,2025-12-04 07:24:46.694142+00:00
540,3,1,2025-12-14,5477.21,5477.21,cash,2025-12-04 07:24:46.694142+00:00
541,3,2,2025-12-14,3172.14,6344.28,cash,2025-12-04 07:24:46.694142+00:00
542,3,1,2025-12-14,3824.78,3824.78,cash,2025-12-04 07:24:46.694142+00:00
544,3,1,2025-12-14,3751.65,3751.65,cash,2025-12-04 07:24:46.694142+00:00
545,3,1,2025-12-14,2202.89,2202.89,cash,2025-12-04 07:24:46.694142+00:00
546,3,1,2025-12-14,9126.16,9126.16,cash,2025-12-04 07:24:46.694142+00:00
547,3,1,2025-12-14,7472.43,7472.43,gcash,2025-12-04 07:24:46.694142+00:00
548,3,4,2025-12-14,7752.12,31008.48,card,2025-12-04 07:24:46.694142+00:00
549,3,2,2025-12-14,3027.04,6054.08,other,2025-12-04 07:24:46.694142+00:00
550,3,1,2025-12-14,2037.65,2037.65,card,2025-12-04 07:24:46.694142+00:00
554,3,1,2025-12-14,1517.88,1517.88,card,2025-12-04 07:24:46.694142+00:00
555,3,1,2025-12-14,1986.21,1986.21,gcash,2025-12-04 07:24:46.694142+00:00
556,3,2,2025-12-14,8432.85,16865.7,card,2025-12-04 07:24:46.694142+00:00
559,3,1,2025-12-14,3196.81,3196.81,card,2025-12-04 07:24:46.694142+00:00
560,3,2,2025-12-14,5920.48,11840.96,card,2025-12-04 07:24:46.694142+00:00
561,3,3,2025-12-14,3370.62,10111.86,gcash,2025-12-04 07:24:46.694142+00:00
562,3,1,2025-12-14,11133.7,11133.7,cash,2025-12-04 07:24:46.694142+00:00
563,3,1,2025-12-14,4060.61,4060.61,card,2025-12-04 07:24:46.694142+00:00
565,3,1,2025-12-14,1974.38,1974.38,card,2025-12-04 07:24:46.694142+00:00
566,3,2,2025-12-14,735.78,1471.56,gcash,2025-12-04 07:24:46.694142+00:00
567,3,6,2025-12-14,1251.32,7507.92,card,2025-12-04 07:24:46.694142+00:00
568,3,1,2025-12-14,4880.38,4880.38,gcash,2025-12-04 07:24:46.694142+00:00
571,3,3,2025-12-14,1927.26,5781.78,card,2025-12-04 07:24:46.694142+00:00
574,3,1,2025-12-14,8835.82,8835.82,cash,2025-12-04 07:24:46.694142+00:00
577,3,1,2025-12-14,1143.12,1143.12,cash,2025-12-04 07:24:46.694142+00:00
578,3,1,2025-12-14,1197.29,1197.29,cash,2025-12-04 07:24:46.694142+00:00
579,3,1,2025-12-14,3438.43,3438.43,card,2025-12-04 07:24:46.694142+00:00
580,3,1,2025-12-14,11692.3,11692.3,other,2025-12-04 07:24:46.694142+00:00
581,3,1,2025-12-14,7568.96,7568.96,gcash,2025-12-04 07:24:46.694142+00:00
582,3,1,2025-12-14,7113.36,7113.36,cash,2025-12-04 07:24:46.694142+00:00
583,3,1,2025-12-14,2128.15,2128.15,other,2025-12-04 07:24:46.694142+00:00
585,3,1,2025-12-14,799.62,799.62,gcash,2025-12-04 07:24:46.694142+00:00
538,3,5,2025-12-15,1374.22,6871.1,other,2025-12-04 07:24:46.694142+00:00
539,3,2,2025-12-15,6895.43,13790.86,card,2025-12-04 07:24:46.694142+00:00
540,3,1,2025-12-15,5477.21,5477.21,card,2025-12-04 07:24:46.694142+00:00
542,3,3,2025-12-15,3824.78,11474.34,cash,2025-12-04 07:24:46.694142+00:00
545,3,1,2025-12-15,2202.89,2202.89,cash,2025-12-04 07:24:46.694142+00:00
546,3,1,2025-12-15,9126.16,9126.16,gcash,2025-12-04 07:24:46.694142+00:00
548,3,3,2025-12-15,7752.12,23256.36,cash,2025-12-04 07:24:46.694142+00:00
549,3,1,2025-12-15,3027.04,3027.04,cash,2025-12-04 07:24:46.694142+00:00
550,3,1,2025-12-15,2037.65,2037.65,cash,2025-12-04 07:24:46.694142+00:00
551,3,1,2025-12-15,2363.35,2363.35,other,2025-12-04 07:24:46.694142+00:00
553,3,1,2025-12-15,4180.98,4180.98,other,2025-12-04 07:24:46.694142+00:00
554,3,1,2025-12-15,1517.88,1517.88,card,2025-12-04 07:24:46.694142+00:00
555,3,1,2025-12-15,1986.21,1986.21,cash,2025-12-04 07:24:46.694142+00:00
556,3,1,2025-12-15,8432.85,8432.85,other,2025-12-04 07:24:46.694142+00:00
557,3,1,2025-12-15,4823.2,4823.2,cash,2025-12-04 07:24:46.694142+00:00
559,3,1,2025-12-15,3196.81,3196.81,gcash,2025-12-04 07:24:46.694142+00:00
560,3,1,2025-12-15,5920.48,5920.48,gcash,2025-12-04 07:24:46.694142+00:00
561,3,3,2025-12-15,3370.62,10111.86,cash,2025-12-04 07:24:46.694142+00:00
563,3,1,2025-12-15,4060.61,4060.61,cash,2025-12-04 07:24:46.694142+00:00
564,3,1,2025-12-15,1111.59,1111.59,card,2025-12-04 07:24:46.694142+00:00
565,3,1,2025-12-15,1974.38,1974.38,card,2025-12-04 07:24:46.694142+00:00
566,3,3,2025-12-15,735.78,2207.34,gcash,2025-12-04 07:24:46.694142+00:00
567,3,2,2025-12-15,1251.32,2502.64,card,2025-12-04 07:24:46.694142+00:00
568,3,1,2025-12-15,4880.38,4880.38,gcash,2025-12-04 07:24:46.694142+00:00
569,3,1,2025-12-15,9540.51,9540.51,card,2025-12-04 07:24:46.694142+00:00
570,3,1,2025-12-15,8094.41,8094.41,other,2025-12-04 07:24:46.694142+00:00
571,3,1,2025-12-15,1927.26,1927.26,other,2025-12-04 07:24:46.694142+00:00
574,3,2,2025-12-15,8835.82,17671.64,card,2025-12-04 07:24:46.694142+00:00
575,3,2,2025-12-15,2005.44,4010.88,cash,2025-12-04 07:24:46.694142+00:00
578,3,2,2025-12-15,1197.29,2394.58,other,2025-12-04 07:24:46.694142+00:00
579,3,2,2025-12-15,3438.43,6876.86,other,2025-12-04 07:24:46.694142+00:00
580,3,2,2025-12-15,11692.3,23384.6,gcash,2025-12-04 07:24:46.694142+00:00
582,3,2,2025-12-15,7113.36,14226.72,other,2025-12-04 07:24:46.694142+00:00
583,3,1,2025-12-15,2128.15,2128.15,cash,2025-12-04 07:24:46.694142+00:00
584,3,1,2025-12-15,2943.49,2943.49,other,2025-12-04 07:24:46.694142+00:00
585,3,3,2025-12-15,799.62,2398.86,other,2025-12-04 07:24:46.694142+00:00
538,3,2,2025-12-16,1374.22,2748.44,card,2025-12-04 07:24:46.694142+00:00
539,3,1,2025-12-16,6895.43,6895.43,card,2025-12-04 07:24:46.694142+00:00
542,3,1,2025-12-16,3824.78,3824.78,card,2025-12-04 07:24:46.694142+00:00
544,3,1,2025-12-16,3751.65,3751.65,gcash,2025-12-04 07:24:46.694142+00:00
545,3,1,2025-12-16,2202.89,2202.89,gcash,2025-12-04 07:24:46.694142+00:00
548,3,4,2025-12-16,7752.12,31008.48,cash,2025-12-04 07:24:46.694142+00:00
550,3,2,2025-12-16,2037.65,4075.3,other,2025-12-04 07:24:46.694142+00:00
551,3,1,2025-12-16,2363.35,2363.35,other,2025-12-04 07:24:46.694142+00:00
555,3,2,2025-12-16,1986.21,3972.42,card,2025-12-04 07:24:46.694142+00:00
556,3,2,2025-12-16,8432.85,16865.7,gcash,2025-12-04 07:24:46.694142+00:00
557,3,2,2025-12-16,4823.2,9646.4,card,2025-12-04 07:24:46.694142+00:00
560,3,1,2025-12-16,5920.48,5920.48,card,2025-12-04 07:24:46.694142+00:00
561,3,1,2025-12-16,3370.62,3370.62,other,2025-12-04 07:24:46.694142+00:00
565,3,2,2025-12-16,1974.38,3948.76,card,2025-12-04 07:24:46.694142+00:00
566,3,3,2025-12-16,735.78,2207.34,cash,2025-12-04 07:24:46.694142+00:00
567,3,2,2025-12-16,1251.32,2502.64,other,2025-12-04 07:24:46.694142+00:00
569,3,1,2025-12-16,9540.51,9540.51,card,2025-12-04 07:24:46.694142+00:00
574,3,1,2025-12-16,8835.82,8835.82,gcash,2025-12-04 07:24:46.694142+00:00
578,3,1,2025-12-16,1197.29,1197.29,other,2025-12-04 07:24:46.694142+00:00
580,3,2,2025-12-16,11692.3,23384.6,cash,2025-12-04 07:24:46.694142+00:00
581,3,1,2025-12-16,7568.96,7568.96,cash,2025-12-04 07:24:46.694142+00:00
582,3,1,2025-12-16,7113.36,7113.36,card,2025-12-04 07:24:46.694142+00:00
583,3,1,2025-12-16,2128.15,2128.15,cash,2025-12-04 07:24:46.694142+00:00
538,3,3,2025-12-17,1374.22,4122.66,card,2025-12-04 07:24:46.694142+00:00
541,3,1,2025-12-17,3172.14,3172.14,cash,2025-12-04 07:24:46.694142+00:00
542,3,1,2025-12-17,3824.78,3824.78,gcash,2025-12-04 07:24:46.694142+00:00
545,3,1,2025-12-17,2202.89,2202.89,other,2025-12-04 07:24:46.694142+00:00
547,3,1,2025-12-17,7472.43,7472.43,cash,2025-12-04 07:24:46.694142+00:00
548,3,5,2025-12-17,7752.12,38760.6,cash,2025-12-04 07:24:46.694142+00:00
550,3,1,2025-12-17,2037.65,2037.65,other,2025-12-04 07:24:46.694142+00:00
553,3,2,2025-12-17,4180.98,8361.96,card,2025-12-04 07:24:46.694142+00:00
554,3,1,2025-12-17,1517.88,1517.88,other,2025-12-04 07:24:46.694142+00:00
555,3,1,2025-12-17,1986.21,1986.21,other,2025-12-04 07:24:46.694142+00:00
556,3,2,2025-12-17,8432.85,16865.7,card,2025-12-04 07:24:46.694142+00:00
557,3,1,2025-12-17,4823.2,4823.2,gcash,2025-12-04 07:24:46.694142+00:00
559,3,1,2025-12-17,3196.81,3196.81,card,2025-12-04 07:24:46.694142+00:00
561,3,5,2025-12-17,3370.62,16853.1,cash,2025-12-04 07:24:46.694142+00:00
562,3,2,2025-12-17,11133.7,22267.4,other,2025-12-04 07:24:46.694142+00:00
565,3,1,2025-12-17,1974.38,1974.38,cash,2025-12-04 07:24:46.694142+00:00
566,3,3,2025-12-17,735.78,2207.34,other,2025-12-04 07:24:46.694142+00:00
567,3,1,2025-12-17,1251.32,1251.32,cash,2025-12-04 07:24:46.694142+00:00
569,3,1,2025-12-17,9540.51,9540.51,other,2025-12-04 07:24:46.694142+00:00
571,3,1,2025-12-17,1927.26,1927.26,gcash,2025-12-04 07:24:46.694142+00:00
575,3,2,2025-12-17,2005.44,4010.88,gcash,2025-12-04 07:24:46.694142+00:00
578,3,1,2025-12-17,1197.29,1197.29,cash,2025-12-04 07:24:46.694142+00:00
580,3,1,2025-12-17,11692.3,11692.3,gcash,2025-12-04 07:24:46.694142+00:00
581,3,1,2025-12-17,7568.96,7568.96,card,2025-12-04 07:24:46.694142+00:00
582,3,1,2025-12-17,7113.36,7113.36,card,2025-12-04 07:24:46.694142+00:00
583,3,1,2025-12-17,2128.15,2128.15,card,2025-12-04 07:24:46.694142+00:00
584,3,1,2025-12-17,2943.49,2943.49,gcash,2025-12-04 07:24:46.694142+00:00
585,3,4,2025-12-17,799.62,3198.48,other,2025-12-04 07:24:46.694142+00:00
538,3,3,2025-12-18,1374.22,4122.66,gcash,2025-12-04 07:24:46.694142+00:00
539,3,1,2025-12-18,6895.43,6895.43,card,2025-12-04 07:24:46.694142+00:00
542,3,1,2025-12-18,3824.78,3824.78,gcash,2025-12-04 07:24:46.694142+00:00
544,3,2,2025-12-18,3751.65,7503.3,gcash,2025-12-04 07:24:46.694142+00:00
547,3,1,2025-12-18,7472.43,7472.43,cash,2025-12-04 07:24:46.694142+00:00
548,3,5,2025-12-18,7752.12,38760.6,other,2025-12-04 07:24:46.694142+00:00
555,3,2,2025-12-18,1986.21,3972.42,other,2025-12-04 07:24:46.694142+00:00
559,3,1,2025-12-18,3196.81,3196.81,cash,2025-12-04 07:24:46.694142+00:00
561,3,3,2025-12-18,3370.62,10111.86,cash,2025-12-04 07:24:46.694142+00:00
562,3,1,2025-12-18,11133.7,11133.7,card,2025-12-04 07:24:46.694142+00:00
564,3,1,2025-12-18,1111.59,1111.59,cash,2025-12-04 07:24:46.694142+00:00
566,3,3,2025-12-18,735.78,2207.34,other,2025-12-04 07:24:46.694142+00:00
567,3,4,2025-12-18,1251.32,5005.28,card,2025-12-04 07:24:46.694142+00:00
568,3,1,2025-12-18,4880.38,4880.38,cash,2025-12-04 07:24:46.694142+00:00
569,3,1,2025-12-18,9540.51,9540.51,cash,2025-12-04 07:24:46.694142+00:00
570,3,2,2025-12-18,8094.41,16188.82,gcash,2025-12-04 07:24:46.694142+00:00
571,3,1,2025-12-18,1927.26,1927.26,card,2025-12-04 07:24:46.694142+00:00
575,3,2,2025-12-18,2005.44,4010.88,card,2025-12-04 07:24:46.694142+00:00
577,3,1,2025-12-18,1143.12,1143.12,other,2025-12-04 07:24:46.694142+00:00
579,3,1,2025-12-18,3438.43,3438.43,gcash,2025-12-04 07:24:46.694142+00:00
580,3,1,2025-12-18,11692.3,11692.3,gcash,2025-12-04 07:24:46.694142+00:00
582,3,2,2025-12-18,7113.36,14226.72,other,2025-12-04 07:24:46.694142+00:00
584,3,2,2025-12-18,2943.49,5886.98,card,2025-12-04 07:24:46.694142+00:00
585,3,2,2025-12-18,799.62,1599.24,other,2025-12-04 07:24:46.694142+00:00
538,3,6,2025-12-19,1374.22,8245.32,other,2025-12-04 07:24:46.694142+00:00
539,3,1,2025-12-19,6895.43,6895.43,other,2025-12-04 07:24:46.694142+00:00
540,3,1,2025-12-19,5477.21,5477.21,other,2025-12-04 07:24:46.694142+00:00
542,3,1,2025-12-19,3824.78,3824.78,card,2025-12-04 07:24:46.694142+00:00
546,3,1,2025-12-19,9126.16,9126.16,gcash,2025-12-04 07:24:46.694142+00:00
548,3,4,2025-12-19,7752.12,31008.48,card,2025-12-04 07:24:46.694142+00:00
549,3,1,2025-12-19,3027.04,3027.04,other,2025-12-04 07:24:46.694142+00:00
550,3,1,2025-12-19,2037.65,2037.65,other,2025-12-04 07:24:46.694142+00:00
551,3,1,2025-12-19,2363.35,2363.35,gcash,2025-12-04 07:24:46.694142+00:00
555,3,1,2025-12-19,1986.21,1986.21,other,2025-12-04 07:24:46.694142+00:00
558,3,1,2025-12-19,7834.92,7834.92,gcash,2025-12-04 07:24:46.694142+00:00
559,3,1,2025-12-19,3196.81,3196.81,card,2025-12-04 07:24:46.694142+00:00
566,3,2,2025-12-19,735.78,1471.56,card,2025-12-04 07:24:46.694142+00:00
567,3,2,2025-12-19,1251.32,2502.64,gcash,2025-12-04 07:24:46.694142+00:00
570,3,2,2025-12-19,8094.41,16188.82,card,2025-12-04 07:24:46.694142+00:00
571,3,1,2025-12-19,1927.26,1927.26,card,2025-12-04 07:24:46.694142+00:00
574,3,1,2025-12-19,8835.82,8835.82,gcash,2025-12-04 07:24:46.694142+00:00
575,3,1,2025-12-19,2005.44,2005.44,gcash,2025-12-04 07:24:46.694142+00:00
577,3,1,2025-12-19,1143.12,1143.12,cash,2025-12-04 07:24:46.694142+00:00
578,3,1,2025-12-19,1197.29,1197.29,other,2025-12-04 07:24:46.694142+00:00
582,3,1,2025-12-19,7113.36,7113.36,other,2025-12-04 07:24:46.694142+00:00
585,3,2,2025-12-19,799.62,1599.24,other,2025-12-04 07:24:46.694142+00:00
538,3,1,2025-12-20,1374.22,1374.22,gcash,2025-12-04 07:24:46.694142+00:00
540,3,1,2025-12-20,5477.21,5477.21,cash,2025-12-04 07:24:46.694142+00:00
545,3,1,2025-12-20,2202.89,2202.89,other,2025-12-04 07:24:46.694142+00:00
546,3,1,2025-12-20,9126.16,9126.16,card,2025-12-04 07:24:46.694142+00:00
548,3,4,2025-12-20,7752.12,31008.48,card,2025-12-04 07:24:46.694142+00:00
549,3,1,2025-12-20,3027.04,3027.04,cash,2025-12-04 07:24:46.694142+00:00
550,3,1,2025-12-20,2037.65,2037.65,cash,2025-12-04 07:24:46.694142+00:00
551,3,2,2025-12-20,2363.35,4726.7,gcash,2025-12-04 07:24:46.694142+00:00
555,3,1,2025-12-20,1986.21,1986.21,cash,2025-12-04 07:24:46.694142+00:00
557,3,2,2025-12-20,4823.2,9646.4,gcash,2025-12-04 07:24:46.694142+00:00
561,3,3,2025-12-20,3370.62,10111.86,gcash,2025-12-04 07:24:46.694142+00:00
563,3,1,2025-12-20,4060.61,4060.61,cash,2025-12-04 07:24:46.694142+00:00
565,3,1,2025-12-20,1974.38,1974.38,cash,2025-12-04 07:24:46.694142+00:00
566,3,3,2025-12-20,735.78,2207.34,gcash,2025-12-04 07:24:46.694142+00:00
567,3,4,2025-12-20,1251.32,5005.28,card,2025-12-04 07:24:46.694142+00:00
571,3,1,2025-12-20,1927.26,1927.26,card,2025-12-04 07:24:46.694142+00:00
574,3,1,2025-12-20,8835.82,8835.82,cash,2025-12-04 07:24:46.694142+00:00
577,3,1,2025-12-20,1143.12,1143.12,card,2025-12-04 07:24:46.694142+00:00
578,3,1,2025-12-20,1197.29,1197.29,cash,2025-12-04 07:24:46.694142+00:00
579,3,1,2025-12-20,3438.43,3438.43,other,2025-12-04 07:24:46.694142+00:00
580,3,2,2025-12-20,11692.3,23384.6,cash,2025-12-04 07:24:46.694142+00:00
583,3,2,2025-12-20,2128.15,4256.3,gcash,2025-12-04 07:24:46.694142+00:00
538,3,4,2025-12-21,1374.22,5496.88,other,2025-12-04 07:24:46.694142+00:00
539,3,3,2025-12-21,6895.43,20686.29,cash,2025-12-04 07:24:46.694142+00:00
540,3,1,2025-12-21,5477.21,5477.21,cash,2025-12-04 07:24:46.694142+00:00
545,3,1,2025-12-21,2202.89,2202.89,card,2025-12-04 07:24:46.694142+00:00
547,3,2,2025-12-21,7472.43,14944.86,gcash,2025-12-04 07:24:46.694142+00:00
548,3,3,2025-12-21,7752.12,23256.36,other,2025-12-04 07:24:46.694142+00:00
549,3,1,2025-12-21,3027.04,3027.04,gcash,2025-12-04 07:24:46.694142+00:00
550,3,2,2025-12-21,2037.65,4075.3,card,2025-12-04 07:24:46.694142+00:00
553,3,1,2025-12-21,4180.98,4180.98,gcash,2025-12-04 07:24:46.694142+00:00
555,3,1,2025-12-21,1986.21,1986.21,gcash,2025-12-04 07:24:46.694142+00:00
556,3,1,2025-12-21,8432.85,8432.85,gcash,2025-12-04 07:24:46.694142+00:00
559,3,1,2025-12-21,3196.81,3196.81,cash,2025-12-04 07:24:46.694142+00:00
560,3,1,2025-12-21,5920.48,5920.48,card,2025-12-04 07:24:46.694142+00:00
561,3,3,2025-12-21,3370.62,10111.86,card,2025-12-04 07:24:46.694142+00:00
563,3,1,2025-12-21,4060.61,4060.61,other,2025-12-04 07:24:46.694142+00:00
564,3,1,2025-12-21,1111.59,1111.59,gcash,2025-12-04 07:24:46.694142+00:00
566,3,4,2025-12-21,735.78,2943.12,card,2025-12-04 07:24:46.694142+00:00
567,3,3,2025-12-21,1251.32,3753.96,cash,2025-12-04 07:24:46.694142+00:00
568,3,2,2025-12-21,4880.38,9760.76,other,2025-12-04 07:24:46.694142+00:00
569,3,2,2025-12-21,9540.51,19081.02,other,2025-12-04 07:24:46.694142+00:00
570,3,1,2025-12-21,8094.41,8094.41,other,2025-12-04 07:24:46.694142+00:00
571,3,1,2025-12-21,1927.26,1927.26,gcash,2025-12-04 07:24:46.694142+00:00
574,3,1,2025-12-21,8835.82,8835.82,cash,2025-12-04 07:24:46.694142+00:00
575,3,1,2025-12-21,2005.44,2005.44,gcash,2025-12-04 07:24:46.694142+00:00
578,3,1,2025-12-21,1197.29,1197.29,gcash,2025-12-04 07:24:46.694142+00:00
579,3,1,2025-12-21,3438.43,3438.43,other,2025-12-04 07:24:46.694142+00:00
580,3,1,2025-12-21,11692.3,11692.3,other,2025-12-04 07:24:46.694142+00:00
584,3,2,2025-12-21,2943.49,5886.98,gcash,2025-12-04 07:24:46.694142+00:00
585,3,3,2025-12-21,799.62,2398.86,other,2025-12-04 07:24:46.694142+00:00
538,3,3,2025-12-22,1374.22,4122.66,other,2025-12-04 07:24:46.694142+00:00
540,3,1,2025-12-22,5477.21,5477.21,cash,2025-12-04 07:24:46.694142+00:00
545,3,1,2025-12-22,2202.89,2202.89,other,2025-12-04 07:24:46.694142+00:00
546,3,1,2025-12-22,9126.16,9126.16,other,2025-12-04 07:24:46.694142+00:00
548,3,5,2025-12-22,7752.12,38760.6,cash,2025-12-04 07:24:46.694142+00:00
549,3,1,2025-12-22,3027.04,3027.04,card,2025-12-04 07:24:46.694142+00:00
551,3,1,2025-12-22,2363.35,2363.35,cash,2025-12-04 07:24:46.694142+00:00
555,3,1,2025-12-22,1986.21,1986.21,card,2025-12-04 07:24:46.694142+00:00
556,3,2,2025-12-22,8432.85,16865.7,gcash,2025-12-04 07:24:46.694142+00:00
557,3,1,2025-12-22,4823.2,4823.2,cash,2025-12-04 07:24:46.694142+00:00
561,3,1,2025-12-22,3370.62,3370.62,card,2025-12-04 07:24:46.694142+00:00
562,3,1,2025-12-22,11133.7,11133.7,card,2025-12-04 07:24:46.694142+00:00
565,3,1,2025-12-22,1974.38,1974.38,cash,2025-12-04 07:24:46.694142+00:00
566,3,3,2025-12-22,735.78,2207.34,other,2025-12-04 07:24:46.694142+00:00
567,3,1,2025-12-22,1251.32,1251.32,gcash,2025-12-04 07:24:46.694142+00:00
569,3,1,2025-12-22,9540.51,9540.51,other,2025-12-04 07:24:46.694142+00:00
570,3,2,2025-12-22,8094.41,16188.82,gcash,2025-12-04 07:24:46.694142+00:00
574,3,1,2025-12-22,8835.82,8835.82,other,2025-12-04 07:24:46.694142+00:00
577,3,2,2025-12-22,1143.12,2286.24,cash,2025-12-04 07:24:46.694142+00:00
582,3,2,2025-12-22,7113.36,14226.72,card,2025-12-04 07:24:46.694142+00:00
583,3,1,2025-12-22,2128.15,2128.15,card,2025-12-04 07:24:46.694142+00:00
584,3,1,2025-12-22,2943.49,2943.49,cash,2025-12-04 07:24:46.694142+00:00
585,3,4,2025-12-22,799.62,3198.48,card,2025-12-04 07:24:46.694142+00:00
538,3,3,2025-12-23,1374.22,4122.66,cash,2025-12-04 07:24:46.694142+00:00
539,3,1,2025-12-23,6895.43,6895.43,cash,2025-12-04 07:24:46.694142+00:00
542,3,1,2025-12-23,3824.78,3824.78,cash,2025-12-04 07:24:46.694142+00:00
545,3,1,2025-12-23,2202.89,2202.89,cash,2025-12-04 07:24:46.694142+00:00
546,3,2,2025-12-23,9126.16,18252.32,cash,2025-12-04 07:24:46.694142+00:00
548,3,2,2025-12-23,7752.12,15504.24,card,2025-12-04 07:24:46.694142+00:00
549,3,1,2025-12-23,3027.04,3027.04,gcash,2025-12-04 07:24:46.694142+00:00
550,3,1,2025-12-23,2037.65,2037.65,gcash,2025-12-04 07:24:46.694142+00:00
553,3,1,2025-12-23,4180.98,4180.98,other,2025-12-04 07:24:46.694142+00:00
554,3,2,2025-12-23,1517.88,3035.76,gcash,2025-12-04 07:24:46.694142+00:00
555,3,2,2025-12-23,1986.21,3972.42,card,2025-12-04 07:24:46.694142+00:00
559,3,2,2025-12-23,3196.81,6393.62,cash,2025-12-04 07:24:46.694142+00:00
560,3,1,2025-12-23,5920.48,5920.48,cash,2025-12-04 07:24:46.694142+00:00
561,3,5,2025-12-23,3370.62,16853.1,cash,2025-12-04 07:24:46.694142+00:00
562,3,1,2025-12-23,11133.7,11133.7,card,2025-12-04 07:24:46.694142+00:00
563,3,1,2025-12-23,4060.61,4060.61,gcash,2025-12-04 07:24:46.694142+00:00
565,3,1,2025-12-23,1974.38,1974.38,other,2025-12-04 07:24:46.694142+00:00
566,3,5,2025-12-23,735.78,3678.8999999999996,cash,2025-12-04 07:24:46.694142+00:00
567,3,2,2025-12-23,1251.32,2502.64,other,2025-12-04 07:24:46.694142+00:00
568,3,3,2025-12-23,4880.38,14641.14,gcash,2025-12-04 07:24:46.694142+00:00
569,3,1,2025-12-23,9540.51,9540.51,card,2025-12-04 07:24:46.694142+00:00
570,3,1,2025-12-23,8094.41,8094.41,other,2025-12-04 07:24:46.694142+00:00
574,3,1,2025-12-23,8835.82,8835.82,cash,2025-12-04 07:24:46.694142+00:00
578,3,1,2025-12-23,1197.29,1197.29,gcash,2025-12-04 07:24:46.694142+00:00
579,3,3,2025-12-23,3438.43,10315.289999999999,cash,2025-12-04 07:24:46.694142+00:00
580,3,2,2025-12-23,11692.3,23384.6,card,2025-12-04 07:24:46.694142+00:00
581,3,1,2025-12-23,7568.96,7568.96,other,2025-12-04 07:24:46.694142+00:00
582,3,1,2025-12-23,7113.36,7113.36,other,2025-12-04 07:24:46.694142+00:00
583,3,1,2025-12-23,2128.15,2128.15,other,2025-12-04 07:24:46.694142+00:00
585,3,5,2025-12-23,799.62,3998.1,gcash,2025-12-04 07:24:46.694142+00:00
539,3,1,2025-12-24,6895.43,6895.43,gcash,2025-12-04 07:24:46.694142+00:00
540,3,1,2025-12-24,5477.21,5477.21,card,2025-12-04 07:24:46.694142+00:00
544,3,1,2025-12-24,3751.65,3751.65,other,2025-12-04 07:24:46.694142+00:00
546,3,1,2025-12-24,9126.16,9126.16,card,2025-12-04 07:24:46.694142+00:00
548,3,2,2025-12-24,7752.12,15504.24,cash,2025-12-04 07:24:46.694142+00:00
550,3,2,2025-12-24,2037.65,4075.3,other,2025-12-04 07:24:46.694142+00:00
551,3,1,2025-12-24,2363.35,2363.35,other,2025-12-04 07:24:46.694142+00:00
553,3,2,2025-12-24,4180.98,8361.96,card,2025-12-04 07:24:46.694142+00:00
554,3,2,2025-12-24,1517.88,3035.76,card,2025-12-04 07:24:46.694142+00:00
555,3,1,2025-12-24,1986.21,1986.21,cash,2025-12-04 07:24:46.694142+00:00
557,3,2,2025-12-24,4823.2,9646.4,other,2025-12-04 07:24:46.694142+00:00
559,3,2,2025-12-24,3196.81,6393.62,other,2025-12-04 07:24:46.694142+00:00
560,3,1,2025-12-24,5920.48,5920.48,gcash,2025-12-04 07:24:46.694142+00:00
561,3,5,2025-12-24,3370.62,16853.1,other,2025-12-04 07:24:46.694142+00:00
564,3,1,2025-12-24,1111.59,1111.59,gcash,2025-12-04 07:24:46.694142+00:00
565,3,1,2025-12-24,1974.38,1974.38,gcash,2025-12-04 07:24:46.694142+00:00
566,3,3,2025-12-24,735.78,2207.34,gcash,2025-12-04 07:24:46.694142+00:00
567,3,4,2025-12-24,1251.32,5005.28,other,2025-12-04 07:24:46.694142+00:00
568,3,2,2025-12-24,4880.38,9760.76,cash,2025-12-04 07:24:46.694142+00:00
571,3,1,2025-12-24,1927.26,1927.26,other,2025-12-04 07:24:46.694142+00:00
574,3,1,2025-12-24,8835.82,8835.82,card,2025-12-04 07:24:46.694142+00:00
577,3,2,2025-12-24,1143.12,2286.24,gcash,2025-12-04 07:24:46.694142+00:00
579,3,1,2025-12-24,3438.43,3438.43,cash,2025-12-04 07:24:46.694142+00:00
581,3,1,2025-12-24,7568.96,7568.96,gcash,2025-12-04 07:24:46.694142+00:00
582,3,1,2025-12-24,7113.36,7113.36,card,2025-12-04 07:24:46.694142+00:00
584,3,1,2025-12-24,2943.49,2943.49,other,2025-12-04 07:24:46.694142+00:00
585,3,5,2025-12-24,799.62,3998.1,cash,2025-12-04 07:24:46.694142+00:00
538,3,5,2025-12-25,1374.22,6871.1,cash,2025-12-04 07:24:46.694142+00:00
539,3,1,2025-12-25,6895.43,6895.43,cash,2025-12-04 07:24:46.694142+00:00
541,3,2,2025-12-25,3172.14,6344.28,cash,2025-12-04 07:24:46.694142+00:00
542,3,2,2025-12-25,3824.78,7649.56,other,2025-12-04 07:24:46.694142+00:00
544,3,2,2025-12-25,3751.65,7503.3,card,2025-12-04 07:24:46.694142+00:00
548,3,3,2025-12-25,7752.12,23256.36,cash,2025-12-04 07:24:46.694142+00:00
549,3,1,2025-12-25,3027.04,3027.04,card,2025-12-04 07:24:46.694142+00:00
550,3,1,2025-12-25,2037.65,2037.65,gcash,2025-12-04 07:24:46.694142+00:00
551,3,1,2025-12-25,2363.35,2363.35,cash,2025-12-04 07:24:46.694142+00:00
554,3,1,2025-12-25,1517.88,1517.88,gcash,2025-12-04 07:24:46.694142+00:00
558,3,2,2025-12-25,7834.92,15669.84,card,2025-12-04 07:24:46.694142+00:00
559,3,1,2025-12-25,3196.81,3196.81,cash,2025-12-04 07:24:46.694142+00:00
560,3,1,2025-12-25,5920.48,5920.48,card,2025-12-04 07:24:46.694142+00:00
561,3,3,2025-12-25,3370.62,10111.86,other,2025-12-04 07:24:46.694142+00:00
562,3,2,2025-12-25,11133.7,22267.4,card,2025-12-04 07:24:46.694142+00:00
563,3,1,2025-12-25,4060.61,4060.61,gcash,2025-12-04 07:24:46.694142+00:00
564,3,2,2025-12-25,1111.59,2223.18,card,2025-12-04 07:24:46.694142+00:00
565,3,1,2025-12-25,1974.38,1974.38,card,2025-12-04 07:24:46.694142+00:00
566,3,4,2025-12-25,735.78,2943.12,card,2025-12-04 07:24:46.694142+00:00
567,3,2,2025-12-25,1251.32,2502.64,gcash,2025-12-04 07:24:46.694142+00:00
568,3,1,2025-12-25,4880.38,4880.38,gcash,2025-12-04 07:24:46.694142+00:00
569,3,1,2025-12-25,9540.51,9540.51,gcash,2025-12-04 07:24:46.694142+00:00
571,3,2,2025-12-25,1927.26,3854.52,card,2025-12-04 07:24:46.694142+00:00
574,3,1,2025-12-25,8835.82,8835.82,cash,2025-12-04 07:24:46.694142+00:00
575,3,1,2025-12-25,2005.44,2005.44,other,2025-12-04 07:24:46.694142+00:00
577,3,1,2025-12-25,1143.12,1143.12,cash,2025-12-04 07:24:46.694142+00:00
578,3,3,2025-12-25,1197.29,3591.87,cash,2025-12-04 07:24:46.694142+00:00
580,3,2,2025-12-25,11692.3,23384.6,gcash,2025-12-04 07:24:46.694142+00:00
585,3,3,2025-12-25,799.62,2398.86,other,2025-12-04 07:24:46.694142+00:00
538,3,3,2025-12-26,1374.22,4122.66,cash,2025-12-04 07:24:46.694142+00:00
539,3,1,2025-12-26,6895.43,6895.43,card,2025-12-04 07:24:46.694142+00:00
540,3,2,2025-12-26,5477.21,10954.42,card,2025-12-04 07:24:46.694142+00:00
541,3,1,2025-12-26,3172.14,3172.14,other,2025-12-04 07:24:46.694142+00:00
542,3,1,2025-12-26,3824.78,3824.78,cash,2025-12-04 07:24:46.694142+00:00
544,3,1,2025-12-26,3751.65,3751.65,cash,2025-12-04 07:24:46.694142+00:00
545,3,2,2025-12-26,2202.89,4405.78,card,2025-12-04 07:24:46.694142+00:00
548,3,2,2025-12-26,7752.12,15504.24,other,2025-12-04 07:24:46.694142+00:00
549,3,1,2025-12-26,3027.04,3027.04,cash,2025-12-04 07:24:46.694142+00:00
550,3,1,2025-12-26,2037.65,2037.65,cash,2025-12-04 07:24:46.694142+00:00
551,3,2,2025-12-26,2363.35,4726.7,card,2025-12-04 07:24:46.694142+00:00
555,3,1,2025-12-26,1986.21,1986.21,cash,2025-12-04 07:24:46.694142+00:00
556,3,1,2025-12-26,8432.85,8432.85,other,2025-12-04 07:24:46.694142+00:00
559,3,1,2025-12-26,3196.81,3196.81,cash,2025-12-04 07:24:46.694142+00:00
560,3,1,2025-12-26,5920.48,5920.48,other,2025-12-04 07:24:46.694142+00:00
563,3,1,2025-12-26,4060.61,4060.61,other,2025-12-04 07:24:46.694142+00:00
564,3,1,2025-12-26,1111.59,1111.59,other,2025-12-04 07:24:46.694142+00:00
566,3,5,2025-12-26,735.78,3678.8999999999996,other,2025-12-04 07:24:46.694142+00:00
567,3,2,2025-12-26,1251.32,2502.64,gcash,2025-12-04 07:24:46.694142+00:00
569,3,2,2025-12-26,9540.51,19081.02,cash,2025-12-04 07:24:46.694142+00:00
571,3,2,2025-12-26,1927.26,3854.52,gcash,2025-12-04 07:24:46.694142+00:00
574,3,2,2025-12-26,8835.82,17671.64,card,2025-12-04 07:24:46.694142+00:00
575,3,1,2025-12-26,2005.44,2005.44,gcash,2025-12-04 07:24:46.694142+00:00
577,3,1,2025-12-26,1143.12,1143.12,other,2025-12-04 07:24:46.694142+00:00
580,3,2,2025-12-26,11692.3,23384.6,gcash,2025-12-04 07:24:46.694142+00:00
581,3,1,2025-12-26,7568.96,7568.96,card,2025-12-04 07:24:46.694142+00:00
582,3,3,2025-12-26,7113.36,21340.079999999998,gcash,2025-12-04 07:24:46.694142+00:00
583,3,1,2025-12-26,2128.15,2128.15,gcash,2025-12-04 07:24:46.694142+00:00
585,3,4,2025-12-26,799.62,3198.48,cash,2025-12-04 07:24:46.694142+00:00
538,3,3,2025-12-27,1374.22,4122.66,cash,2025-12-04 07:24:46.694142+00:00
544,3,3,2025-12-27,3751.65,11254.95,card,2025-12-04 07:24:46.694142+00:00
546,3,1,2025-12-27,9126.16,9126.16,other,2025-12-04 07:24:46.694142+00:00
547,3,1,2025-12-27,7472.43,7472.43,card,2025-12-04 07:24:46.694142+00:00
548,3,4,2025-12-27,7752.12,31008.48,gcash,2025-12-04 07:24:46.694142+00:00
549,3,1,2025-12-27,3027.04,3027.04,gcash,2025-12-04 07:24:46.694142+00:00
551,3,1,2025-12-27,2363.35,2363.35,other,2025-12-04 07:24:46.694142+00:00
554,3,2,2025-12-27,1517.88,3035.76,gcash,2025-12-04 07:24:46.694142+00:00
555,3,1,2025-12-27,1986.21,1986.21,card,2025-12-04 07:24:46.694142+00:00
557,3,2,2025-12-27,4823.2,9646.4,cash,2025-12-04 07:24:46.694142+00:00
558,3,1,2025-12-27,7834.92,7834.92,card,2025-12-04 07:24:46.694142+00:00
560,3,1,2025-12-27,5920.48,5920.48,cash,2025-12-04 07:24:46.694142+00:00
561,3,2,2025-12-27,3370.62,6741.24,gcash,2025-12-04 07:24:46.694142+00:00
562,3,1,2025-12-27,11133.7,11133.7,other,2025-12-04 07:24:46.694142+00:00
563,3,1,2025-12-27,4060.61,4060.61,cash,2025-12-04 07:24:46.694142+00:00
564,3,1,2025-12-27,1111.59,1111.59,card,2025-12-04 07:24:46.694142+00:00
565,3,1,2025-12-27,1974.38,1974.38,card,2025-12-04 07:24:46.694142+00:00
566,3,5,2025-12-27,735.78,3678.8999999999996,cash,2025-12-04 07:24:46.694142+00:00
567,3,2,2025-12-27,1251.32,2502.64,other,2025-12-04 07:24:46.694142+00:00
568,3,3,2025-12-27,4880.38,14641.14,other,2025-12-04 07:24:46.694142+00:00
569,3,1,2025-12-27,9540.51,9540.51,other,2025-12-04 07:24:46.694142+00:00
570,3,2,2025-12-27,8094.41,16188.82,card,2025-12-04 07:24:46.694142+00:00
574,3,1,2025-12-27,8835.82,8835.82,gcash,2025-12-04 07:24:46.694142+00:00
577,3,2,2025-12-27,1143.12,2286.24,card,2025-12-04 07:24:46.694142+00:00
578,3,1,2025-12-27,1197.29,1197.29,cash,2025-12-04 07:24:46.694142+00:00
582,3,1,2025-12-27,7113.36,7113.36,cash,2025-12-04 07:24:46.694142+00:00
584,3,2,2025-12-27,2943.49,5886.98,card,2025-12-04 07:24:46.694142+00:00
585,3,2,2025-12-27,799.62,1599.24,gcash,2025-12-04 07:24:46.694142+00:00
538,3,2,2025-12-28,1374.22,2748.44,card,2025-12-04 07:24:46.694142+00:00
539,3,1,2025-12-28,6895.43,6895.43,cash,2025-12-04 07:24:46.694142+00:00
540,3,1,2025-12-28,5477.21,5477.21,gcash,2025-12-04 07:24:46.694142+00:00
541,3,1,2025-12-28,3172.14,3172.14,other,2025-12-04 07:24:46.694142+00:00
544,3,2,2025-12-28,3751.65,7503.3,gcash,2025-12-04 07:24:46.694142+00:00
548,3,3,2025-12-28,7752.12,23256.36,card,2025-12-04 07:24:46.694142+00:00
551,3,1,2025-12-28,2363.35,2363.35,gcash,2025-12-04 07:24:46.694142+00:00
555,3,1,2025-12-28,1986.21,1986.21,other,2025-12-04 07:24:46.694142+00:00
556,3,2,2025-12-28,8432.85,16865.7,gcash,2025-12-04 07:24:46.694142+00:00
558,3,2,2025-12-28,7834.92,15669.84,gcash,2025-12-04 07:24:46.694142+00:00
559,3,1,2025-12-28,3196.81,3196.81,card,2025-12-04 07:24:46.694142+00:00
560,3,1,2025-12-28,5920.48,5920.48,card,2025-12-04 07:24:46.694142+00:00
561,3,4,2025-12-28,3370.62,13482.48,other,2025-12-04 07:24:46.694142+00:00
562,3,2,2025-12-28,11133.7,22267.4,gcash,2025-12-04 07:24:46.694142+00:00
563,3,3,2025-12-28,4060.61,12181.83,other,2025-12-04 07:24:46.694142+00:00
565,3,1,2025-12-28,1974.38,1974.38,other,2025-12-04 07:24:46.694142+00:00
566,3,1,2025-12-28,735.78,735.78,other,2025-12-04 07:24:46.694142+00:00
567,3,3,2025-12-28,1251.32,3753.96,cash,2025-12-04 07:24:46.694142+00:00
568,3,1,2025-12-28,4880.38,4880.38,cash,2025-12-04 07:24:46.694142+00:00
570,3,1,2025-12-28,8094.41,8094.41,cash,2025-12-04 07:24:46.694142+00:00
571,3,1,2025-12-28,1927.26,1927.26,cash,2025-12-04 07:24:46.694142+00:00
577,3,2,2025-12-28,1143.12,2286.24,other,2025-12-04 07:24:46.694142+00:00
578,3,1,2025-12-28,1197.29,1197.29,cash,2025-12-04 07:24:46.694142+00:00
579,3,2,2025-12-28,3438.43,6876.86,other,2025-12-04 07:24:46.694142+00:00
581,3,1,2025-12-28,7568.96,7568.96,cash,2025-12-04 07:24:46.694142+00:00
582,3,1,2025-12-28,7113.36,7113.36,other,2025-12-04 07:24:46.694142+00:00
583,3,1,2025-12-28,2128.15,2128.15,card,2025-12-04 07:24:46.694142+00:00
585,3,3,2025-12-28,799.62,2398.86,card,2025-12-04 07:24:46.694142+00:00
538,3,4,2025-12-29,1374.22,5496.88,other,2025-12-04 07:24:46.694142+00:00
539,3,1,2025-12-29,6895.43,6895.43,cash,2025-12-04 07:24:46.694142+00:00
540,3,1,2025-12-29,5477.21,5477.21,card,2025-12-04 07:24:46.694142+00:00
544,3,2,2025-12-29,3751.65,7503.3,card,2025-12-04 07:24:46.694142+00:00
545,3,1,2025-12-29,2202.89,2202.89,other,2025-12-04 07:24:46.694142+00:00
547,3,1,2025-12-29,7472.43,7472.43,other,2025-12-04 07:24:46.694142+00:00
548,3,4,2025-12-29,7752.12,31008.48,gcash,2025-12-04 07:24:46.694142+00:00
551,3,1,2025-12-29,2363.35,2363.35,other,2025-12-04 07:24:46.694142+00:00
553,3,2,2025-12-29,4180.98,8361.96,gcash,2025-12-04 07:24:46.694142+00:00
554,3,1,2025-12-29,1517.88,1517.88,other,2025-12-04 07:24:46.694142+00:00
556,3,1,2025-12-29,8432.85,8432.85,other,2025-12-04 07:24:46.694142+00:00
557,3,1,2025-12-29,4823.2,4823.2,gcash,2025-12-04 07:24:46.694142+00:00
559,3,2,2025-12-29,3196.81,6393.62,card,2025-12-04 07:24:46.694142+00:00
560,3,1,2025-12-29,5920.48,5920.48,card,2025-12-04 07:24:46.694142+00:00
561,3,5,2025-12-29,3370.62,16853.1,cash,2025-12-04 07:24:46.694142+00:00
564,3,2,2025-12-29,1111.59,2223.18,gcash,2025-12-04 07:24:46.694142+00:00
566,3,1,2025-12-29,735.78,735.78,cash,2025-12-04 07:24:46.694142+00:00
567,3,3,2025-12-29,1251.32,3753.96,cash,2025-12-04 07:24:46.694142+00:00
568,3,2,2025-12-29,4880.38,9760.76,cash,2025-12-04 07:24:46.694142+00:00
569,3,1,2025-12-29,9540.51,9540.51,gcash,2025-12-04 07:24:46.694142+00:00
570,3,1,2025-12-29,8094.41,8094.41,cash,2025-12-04 07:24:46.694142+00:00
571,3,1,2025-12-29,1927.26,1927.26,other,2025-12-04 07:24:46.694142+00:00
574,3,1,2025-12-29,8835.82,8835.82,gcash,2025-12-04 07:24:46.694142+00:00
575,3,2,2025-12-29,2005.44,4010.88,other,2025-12-04 07:24:46.694142+00:00
577,3,2,2025-12-29,1143.12,2286.24,card,2025-12-04 07:24:46.694142+00:00
578,3,1,2025-12-29,1197.29,1197.29,card,2025-12-04 07:24:46.694142+00:00
579,3,2,2025-12-29,3438.43,6876.86,cash,2025-12-04 07:24:46.694142+00:00
580,3,1,2025-12-29,11692.3,11692.3,other,2025-12-04 07:24:46.694142+00:00
582,3,1,2025-12-29,7113.36,7113.36,cash,2025-12-04 07:24:46.694142+00:00
583,3,2,2025-12-29,2128.15,4256.3,cash,2025-12-04 07:24:46.694142+00:00
585,3,4,2025-12-29,799.62,3198.48,cash,2025-12-04 07:24:46.694142+00:00
538,3,6,2025-12-30,1374.22,8245.32,cash,2025-12-04 07:24:46.694142+00:00
539,3,1,2025-12-30,6895.43,6895.43,gcash,2025-12-04 07:24:46.694142+00:00
540,3,1,2025-12-30,5477.21,5477.21,other,2025-12-04 07:24:46.694142+00:00
542,3,1,2025-12-30,3824.78,3824.78,gcash,2025-12-04 07:24:46.694142+00:00
544,3,1,2025-12-30,3751.65,3751.65,gcash,2025-12-04 07:24:46.694142+00:00
545,3,1,2025-12-30,2202.89,2202.89,other,2025-12-04 07:24:46.694142+00:00
547,3,2,2025-12-30,7472.43,14944.86,other,2025-12-04 07:24:46.694142+00:00
548,3,3,2025-12-30,7752.12,23256.36,cash,2025-12-04 07:24:46.694142+00:00
549,3,1,2025-12-30,3027.04,3027.04,cash,2025-12-04 07:24:46.694142+00:00
550,3,2,2025-12-30,2037.65,4075.3,cash,2025-12-04 07:24:46.694142+00:00
554,3,1,2025-12-30,1517.88,1517.88,other,2025-12-04 07:24:46.694142+00:00
555,3,1,2025-12-30,1986.21,1986.21,gcash,2025-12-04 07:24:46.694142+00:00
556,3,1,2025-12-30,8432.85,8432.85,other,2025-12-04 07:24:46.694142+00:00
558,3,1,2025-12-30,7834.92,7834.92,cash,2025-12-04 07:24:46.694142+00:00
560,3,1,2025-12-30,5920.48,5920.48,cash,2025-12-04 07:24:46.694142+00:00
561,3,3,2025-12-30,3370.62,10111.86,cash,2025-12-04 07:24:46.694142+00:00
562,3,1,2025-12-30,11133.7,11133.7,other,2025-12-04 07:24:46.694142+00:00
566,3,1,2025-12-30,735.78,735.78,gcash,2025-12-04 07:24:46.694142+00:00
567,3,4,2025-12-30,1251.32,5005.28,gcash,2025-12-04 07:24:46.694142+00:00
568,3,1,2025-12-30,4880.38,4880.38,gcash,2025-12-04 07:24:46.694142+00:00
569,3,1,2025-12-30,9540.51,9540.51,card,2025-12-04 07:24:46.694142+00:00
570,3,2,2025-12-30,8094.41,16188.82,other,2025-12-04 07:24:46.694142+00:00
571,3,3,2025-12-30,1927.26,5781.78,card,2025-12-04 07:24:46.694142+00:00
578,3,1,2025-12-30,1197.29,1197.29,gcash,2025-12-04 07:24:46.694142+00:00
580,3,3,2025-12-30,11692.3,35076.899999999994,card,2025-12-04 07:24:46.694142+00:00
583,3,1,2025-12-30,2128.15,2128.15,card,2025-12-04 07:24:46.694142+00:00
584,3,1,2025-12-30,2943.49,2943.49,cash,2025-12-04 07:24:46.694142+00:00
585,3,3,2025-12-30,799.62,2398.86,card,2025-12-04 07:24:46.694142+00:00
538,3,5,2025-12-31,1374.22,6871.1,card,2025-12-04 07:24:46.694142+00:00
540,3,1,2025-12-31,5477.21,5477.21,card,2025-12-04 07:24:46.694142+00:00
542,3,1,2025-12-31,3824.78,3824.78,card,2025-12-04 07:24:46.694142+00:00
544,3,1,2025-12-31,3751.65,3751.65,card,2025-12-04 07:24:46.694142+00:00
545,3,2,2025-12-31,2202.89,4405.78,other,2025-12-04 07:24:46.694142+00:00
546,3,2,2025-12-31,9126.16,18252.32,cash,2025-12-04 07:24:46.694142+00:00
547,3,2,2025-12-31,7472.43,14944.86,cash,2025-12-04 07:24:46.694142+00:00
548,3,2,2025-12-31,7752.12,15504.24,card,2025-12-04 07:24:46.694142+00:00
549,3,1,2025-12-31,3027.04,3027.04,cash,2025-12-04 07:24:46.694142+00:00
551,3,2,2025-12-31,2363.35,4726.7,cash,2025-12-04 07:24:46.694142+00:00
554,3,2,2025-12-31,1517.88,3035.76,card,2025-12-04 07:24:46.694142+00:00
560,3,1,2025-12-31,5920.48,5920.48,cash,2025-12-04 07:24:46.694142+00:00
561,3,5,2025-12-31,3370.62,16853.1,card,2025-12-04 07:24:46.694142+00:00
563,3,1,2025-12-31,4060.61,4060.61,other,2025-12-04 07:24:46.694142+00:00
564,3,1,2025-12-31,1111.59,1111.59,other,2025-12-04 07:24:46.694142+00:00
565,3,1,2025-12-31,1974.38,1974.38,cash,2025-12-04 07:24:46.694142+00:00
566,3,1,2025-12-31,735.78,735.78,other,2025-12-04 07:24:46.694142+00:00
567,3,4,2025-12-31,1251.32,5005.28,card,2025-12-04 07:24:46.694142+00:00
570,3,2,2025-12-31,8094.41,16188.82,cash,2025-12-04 07:24:46.694142+00:00
574,3,1,2025-12-31,8835.82,8835.82,other,2025-12-04 07:24:46.694142+00:00
575,3,2,2025-12-31,2005.44,4010.88,card,2025-12-04 07:24:46.694142+00:00
579,3,1,2025-12-31,3438.43,3438.43,cash,2025-12-04 07:24:46.694142+00:00
582,3,1,2025-12-31,7113.36,7113.36,cash,2025-12-04 07:24:46.694142+00:00
583,3,1,2025-12-31,2128.15,2128.15,other,2025-12-04 07:24:46.694142+00:00
584,3,2,2025-12-31,2943.49,5886.98,other,2025-12-04 07:24:46.694142+00:00
585,3,4,2025-12-31,799.62,3198.48,card,2025-12-04 07:24:46.694142+00:00
